run_id,code_commit,method,config_path,seed,parent_checkpoints,steps,batch_size,context,processed_targets_including_ancestry,parameters,hardware,threads,train_precision,train_seconds,validation_seconds,test_seconds,peak_ram_gb,peak_gpu_allocated_gb,validation_bpb,test_bpb,checkpoint_sha256,selected_on,notes
baseline-model-s17,a5e9a86,supplied baseline (model.py),code/configs/baseline.json,17,none (from random init),1200,32,256,9830400,1088256,RTX 3060 Laptop 6GB,4,bf16,23.0,9.21,10.51,1.784,0.421,2.0729,2.1027,1fa27eac7366e1b499f15141c9d47d33e6767aeb71191beaa1bdad4befaf39bf,validation,initial baseline arm; test scored with the method frozen
learned-s17,a5e9a86,"student, pos_mode=learned",code/configs/pos-learned.json,17,none (from random init),1200,32,256,9830400,1088256,RTX 3060 Laptop 6GB,4,bf16,23.1,not run on CPU,,,0.421,2.0729,,74cf24cd055ae2ab6d6c9cafd5b75dd0da2479d1f657bbaafde8537cd41e8b64,validation,"ablation sweep, validation only; CUDA validation pass during training: 0.53 s (not the budget metric)"
learned-s18,a5e9a86,"student, pos_mode=learned",code/configs/pos-learned.json,18,none (from random init),1200,32,256,9830400,1088256,RTX 3060 Laptop 6GB,4,bf16,23.3,not run on CPU,,,0.421,2.0732,,10c12adca090d13d54ab2a911019e9f3cd7ee4db0f49d820d9b46df7866aa6d6,validation,"ablation sweep, validation only; CUDA validation pass during training: 0.54 s (not the budget metric)"
learned-s19,a5e9a86,"student, pos_mode=learned",code/configs/pos-learned.json,19,none (from random init),1200,32,256,9830400,1088256,RTX 3060 Laptop 6GB,4,bf16,23.6,not run on CPU,,,0.421,2.0783,,9ab5d48ec0b799c7ef2ed5c11340057a85f6078c4ddff6aac4504a0476c28602,validation,"ablation sweep, validation only; CUDA validation pass during training: 0.56 s (not the budget metric)"
long-baseline-model-s17,a5e9a86,supplied baseline (model.py),code/configs/baseline.json,17,none (from random init),4800,32,256,39321600,1088256,RTX 3060 Laptop 6GB,4,bf16,95.8,6.71,10.47,not measured,0.421,1.7532,1.7788,6c7208a6da76f64ad60cac0dd9d1c220ceb4dcdcbb25b1a8be31259a62ca5690,validation,matched-target baseline for the submitted model
long-learned-s17,a5e9a86,"student, pos_mode=learned",code/configs/pos-learned.json,17,none (from random init),4800,32,256,39321600,1088256,RTX 3060 Laptop 6GB,4,bf16,92.3,not run on CPU,,,0.421,1.7532,,b878d037dddecf612370154058ce12411860890f4fb26edbf883beeee34eb5ae,validation,"ablation sweep, validation only; CUDA validation pass during training: 0.56 s (not the budget metric)"
long-learned-s18,a5e9a86,"student, pos_mode=learned",code/configs/pos-learned.json,18,none (from random init),4800,32,256,39321600,1088256,RTX 3060 Laptop 6GB,4,bf16,95.5,not run on CPU,,,0.421,1.7483,,378aa816780c9e59b1607fe0f8d1663f1dfd3172e4304c95771f84e3ae844756,validation,"ablation sweep, validation only; CUDA validation pass during training: 0.60 s (not the budget metric)"
long-learned-s19,a5e9a86,"student, pos_mode=learned",code/configs/pos-learned.json,19,none (from random init),4800,32,256,39321600,1088256,RTX 3060 Laptop 6GB,4,bf16,96.2,not run on CPU,,,0.421,1.742,,2dd9af88017940c20ab394bf2c95b6ab8950ce05b41a5166e0a181394a50e677,validation,"ablation sweep, validation only; CUDA validation pass during training: 0.58 s (not the budget metric)"
long-none-s17,a5e9a86,"student, pos_mode=none",code/configs/pos-none.json,17,none (from random init),4800,32,256,39321600,1055488,RTX 3060 Laptop 6GB,4,bf16,96.3,not run on CPU,,,0.421,1.8314,,a2c17a6688db5bfb73151886e24f04a0a0a2b4df75262177213b979bfb5ac444,validation,"ablation sweep, validation only; CUDA validation pass during training: 0.57 s (not the budget metric)"
long-none-s18,a5e9a86,"student, pos_mode=none",code/configs/pos-none.json,18,none (from random init),4800,32,256,39321600,1055488,RTX 3060 Laptop 6GB,4,bf16,96.0,not run on CPU,,,0.421,1.8379,,3bea35b3ff6f0405511665e1221cbb138c230625eca85d796af1890dc6c58f45,validation,"ablation sweep, validation only; CUDA validation pass during training: 0.59 s (not the budget metric)"
long-none-s19,a5e9a86,"student, pos_mode=none",code/configs/pos-none.json,19,none (from random init),4800,32,256,39321600,1055488,RTX 3060 Laptop 6GB,4,bf16,95.8,not run on CPU,,,0.421,1.8311,,010579fec2d6eb6fac879fbd6848939b2f5027230c37521946991e1f97c9b26f,validation,"ablation sweep, validation only; CUDA validation pass during training: 0.57 s (not the budget metric)"
long-rope-s17,a5e9a86,"student, pos_mode=rope",code/configs/pos-rope.json,17,none (from random init),4800,32,256,39321600,1055488,RTX 3060 Laptop 6GB,4,bf16,106.6,7.87,11.93,1.737,0.438,1.6945,1.7228,128b8c0dc110a6e5a76a0f7e37cd0ade12dac478edc3e303b974d9b55a838e2b,validation,"v1 submission (1.7228 test BPB); CPU scoring 1.17x the baseline, budget 5x"
long-rope-s18,a5e9a86,"student, pos_mode=rope",code/configs/pos-rope.json,18,none (from random init),4800,32,256,39321600,1055488,RTX 3060 Laptop 6GB,4,bf16,111.0,not run on CPU,,,0.438,1.7093,,c108bffee00899d8df3ae690c52bab9ffcaf8bb42635c3bc2441e80f895b1a0b,validation,"ablation sweep, validation only; CUDA validation pass during training: 0.67 s (not the budget metric)"
long-rope-s19,a5e9a86,"student, pos_mode=rope",code/configs/pos-rope.json,19,none (from random init),4800,32,256,39321600,1055488,RTX 3060 Laptop 6GB,4,bf16,107.0,not run on CPU,,,0.438,1.7027,,09337a413eec6695499e1bd1dae5d87c3003ce1c8f9c3e1de8a8f6818f8ae9bb,validation,"ablation sweep, validation only; CUDA validation pass during training: 0.67 s (not the budget metric)"
none-s17,a5e9a86,"student, pos_mode=none",code/configs/pos-none.json,17,none (from random init),1200,32,256,9830400,1055488,RTX 3060 Laptop 6GB,4,bf16,27.9,not run on CPU,,,0.421,2.1148,,2ff38fc39bbcea9a085dca6a164e30b142cc39573e9ec10de65056ddde742890,validation,"ablation sweep, validation only; CUDA validation pass during training: 0.56 s (not the budget metric)"
none-s18,a5e9a86,"student, pos_mode=none",code/configs/pos-none.json,18,none (from random init),1200,32,256,9830400,1055488,RTX 3060 Laptop 6GB,4,bf16,24.8,not run on CPU,,,0.421,2.1151,,592d2b63210c6302e839b160039ec9f899c003a835314b4ef3cd061a40178ec6,validation,"ablation sweep, validation only; CUDA validation pass during training: 0.57 s (not the budget metric)"
none-s19,a5e9a86,"student, pos_mode=none",code/configs/pos-none.json,19,none (from random init),1200,32,256,9830400,1055488,RTX 3060 Laptop 6GB,4,bf16,24.4,not run on CPU,,,0.421,2.1144,,b84f376085b55a09701da67e0db003312aae1095fa7b32e0a83745a2b32f505b,validation,"ablation sweep, validation only; CUDA validation pass during training: 0.54 s (not the budget metric)"
repro-a,a5e9a86,"student, pos_mode=rope",code/configs/pos-rope.json,17,none (from random init),4800,32,256,39321600,1055488,RTX 3060 Laptop 6GB,4,bf16,102.3,not run on CPU,,,0.438,1.6945,,128b8c0dc110a6e5a76a0f7e37cd0ade12dac478edc3e303b974d9b55a838e2b,validation,reproducibility probe: identical arguments to long-rope-s17; CUDA validation pass during training: 0.64 s (not the budget metric)
repro-b,a5e9a86,"student, pos_mode=rope",code/configs/pos-rope.json,17,none (from random init),4800,32,256,39321600,1055488,RTX 3060 Laptop 6GB,4,bf16,100.6,not run on CPU,,,0.438,1.6945,,128b8c0dc110a6e5a76a0f7e37cd0ade12dac478edc3e303b974d9b55a838e2b,validation,"reproducibility probe: same arguments, different --eval-every; CUDA validation pass during training: 0.64 s (not the budget metric)"
rope-s17,a5e9a86,"student, pos_mode=rope",code/configs/pos-rope.json,17,none (from random init),1200,32,256,9830400,1055488,RTX 3060 Laptop 6GB,4,bf16,26.4,10.77,11.89,1.785,0.438,1.9222,1.9527,b3efade1c5d6b08abe208b2deb2f823600fa3bfd452e1feafdfeb662bd5e5bbc,validation,"superseded first submission (1,200 steps); kept for the length comparison; CPU scoring 1.13x the baseline, budget 5x"
rope-s17-long,a5e9a86,"student, pos_mode=rope",code/configs/pos-rope.json,17,none (from random init),4800,32,256,39321600,1055488,RTX 3060 Laptop 6GB,4,bf16,154.5,not run on CPU,,,0.438,1.6945,,a48650bf28407662fb6e0369b08564fc2c16bf4e73dc57e9e0887c439f7dc374,validation,"reproducibility probe: trained under concurrent CPU load, hence the ~7e-4 weight deviation described in the report; CUDA validation pass during training: 0.64 s (not the budget metric)"
rope-s17-repro,a5e9a86,"student, pos_mode=rope",code/configs/pos-rope.json,17,none (from random init),1200,32,256,9830400,1055488,RTX 3060 Laptop 6GB,4,bf16,25.7,not run on CPU,,,0.438,1.9222,,b3efade1c5d6b08abe208b2deb2f823600fa3bfd452e1feafdfeb662bd5e5bbc,validation,reproducibility re-run of rope-s17; CUDA validation pass during training: 0.68 s (not the budget metric)
rope-s18,a5e9a86,"student, pos_mode=rope",code/configs/pos-rope.json,18,none (from random init),1200,32,256,9830400,1055488,RTX 3060 Laptop 6GB,4,bf16,27.3,not run on CPU,,,0.438,1.9235,,2f3f26e3602c0e4c1ee31956d48506bf9d5ce17782b6e354430e55eb65878238,validation,"ablation sweep, validation only; CUDA validation pass during training: 0.64 s (not the budget metric)"
rope-s19,a5e9a86,"student, pos_mode=rope",code/configs/pos-rope.json,19,none (from random init),1200,32,256,9830400,1055488,RTX 3060 Laptop 6GB,4,bf16,31.2,not run on CPU,,,0.438,1.9179,,61fe6199ee28d83374a0bed94223bde25744402eb79584c999cc3d2c68fd73ab,validation,"ablation sweep, validation only; CUDA validation pass during training: 0.67 s (not the budget metric)"
v2-ab-learned-s17,a5e9a86,"student, pos_mode=learned",code/configs/pos-learned.json,17,none (from random init),9600,32,256,78643200,2843200,RTX 3060 Laptop 6GB,4,bf16,939.3,not run on CPU,,,0.699,1.5945,,f3fe1e904f1357e26b7d6d4921ac9d2366595badcc69f8c6c075ff5ed23da25a,validation,"ablation sweep, validation only; CUDA validation pass during training: 1.43 s (not the budget metric)"
v2-ab-learned-s18,a5e9a86,"student, pos_mode=learned",code/configs/pos-learned.json,18,none (from random init),9600,32,256,78643200,2843200,RTX 3060 Laptop 6GB,4,bf16,957.7,not run on CPU,,,0.699,1.5949,,9e3973ea12a5fabb1eec6f3d658c4760565fe6a2a5c264a7bd46a098edb24bc5,validation,"ablation sweep, validation only; CUDA validation pass during training: 1.42 s (not the budget metric)"
v2-ab-learned-s19,a5e9a86,"student, pos_mode=learned",code/configs/pos-learned.json,19,none (from random init),9600,32,256,78643200,2843200,RTX 3060 Laptop 6GB,4,bf16,944.2,not run on CPU,,,0.699,1.5992,,724bcccfed63d0e06122e0b0f775704262e3de1759ff379e7a74cd7886eab189,validation,"ablation sweep, validation only; CUDA validation pass during training: 1.41 s (not the budget metric)"
v2-ab-none-s17,a5e9a86,"student, pos_mode=none",code/configs/pos-none.json,17,none (from random init),9600,32,256,78643200,2802240,RTX 3060 Laptop 6GB,4,bf16,930.4,not run on CPU,,,0.698,1.6117,,29a68855a0d912ce3eae7c1d93bc37874424326066e0a286651de8b259a455cf,validation,"ablation sweep, validation only; CUDA validation pass during training: 3.19 s (not the budget metric)"
v2-ab-none-s18,a5e9a86,"student, pos_mode=none",code/configs/pos-none.json,18,none (from random init),9600,32,256,78643200,2802240,RTX 3060 Laptop 6GB,4,bf16,953.0,not run on CPU,,,0.698,1.6224,,15d8ae28e63025490ef56a898d34f802f1ef928432efc352cb9ae3abe1e8adc0,validation,"ablation sweep, validation only; CUDA validation pass during training: 3.50 s (not the budget metric)"
v2-ab-none-s19,a5e9a86,"student, pos_mode=none",code/configs/pos-none.json,19,none (from random init),9600,32,256,78643200,2802240,RTX 3060 Laptop 6GB,4,bf16,940.2,not run on CPU,,,0.698,1.6358,,68dfd4930afb710226ce8eb9f49130bcbd82479f67e7ae1c5a4239dfc4cc8895,validation,"ablation sweep, validation only; CUDA validation pass during training: 3.40 s (not the budget metric)"
v2-ab-rope-s17,a5e9a86,"student, pos_mode=rope",code/configs/pos-rope.json,17,none (from random init),9600,32,256,78643200,2802240,RTX 3060 Laptop 6GB,4,bf16,731.3,not run on CPU,,,0.741,1.5722,,66b03d400bca95e9ce6bd00dadf4b6423aac744b9fb0d7404a313e052d4122a3,validation,"ablation sweep, validation only; CUDA validation pass during training: 3.91 s (not the budget metric)"
v2-ab-rope-s18,a5e9a86,"student, pos_mode=rope",code/configs/pos-rope.json,18,none (from random init),9600,32,256,78643200,2802240,RTX 3060 Laptop 6GB,4,bf16,1119.0,not run on CPU,,,0.741,1.5878,,eb2bf301904001da00ba8b5300affce6f8f96bd3d33d1588277153837e8d108f,validation,"ablation sweep, validation only; CUDA validation pass during training: 3.84 s (not the budget metric)"
v2-ab-rope-s19,a5e9a86,"student, pos_mode=rope",code/configs/pos-rope.json,19,none (from random init),9600,32,256,78643200,2802240,RTX 3060 Laptop 6GB,4,bf16,1122.4,not run on CPU,,,0.741,1.5584,,85f60343540d000a5d437ddea363fee5d90f7c5593bfa41f0ee22bb73ca70252,validation,"ablation sweep, validation only; CUDA validation pass during training: 3.84 s (not the budget metric)"
v2-w160-do10-19200,a5e9a86,"student, pos_mode=rope",code/configs/pos-rope.json,17,none (from random init),19200,32,256,157286400,2802240,RTX 3060 Laptop 6GB,4,bf16,857.0,not run on CPU,,,0.741,1.5413,1.5634,cee0163c6908a351f6fdb3e0223409924ff76150a618ee46d74d93290e6d4d45,validation,"ablation sweep, validation only; CUDA validation pass during training: 1.55 s (not the budget metric)"
v2-w160-do10-38400,a5e9a86,"student, pos_mode=rope",code/configs/pos-rope.json,17,none (from random init),38400,32,256,314572800,2802240,RTX 3060 Laptop 6GB,4,bf16,3434.2,19.15,24.38,1.8,0.741,1.5307,1.5544,93837d6dc696f6ca6684ef5e1f1dbdeb0dda29b89c32fc67c2c7ad97f2726bd7,validation,"FROZEN SUBMISSION (1.5544 test BPB); CPU scoring 2.90x the baseline, budget 5x"
v2-w160-do10-9600,a5e9a86,"student, pos_mode=rope",code/configs/pos-rope.json,17,none (from random init),9600,32,256,78643200,2802240,RTX 3060 Laptop 6GB,4,bf16,432.0,not run on CPU,,,0.741,1.5722,,513a69bb02604612a8c1cb72340d624d449914753c5d5b08fdcd300c32cf70d0,validation,"ablation sweep, validation only; CUDA validation pass during training: 1.55 s (not the budget metric)"
v2-w160-do15-9600,a5e9a86,"student, pos_mode=rope",code/configs/pos-rope.json,17,none (from random init),9600,32,256,78643200,2802240,RTX 3060 Laptop 6GB,4,bf16,434.5,not run on CPU,,,0.741,1.5737,,bca7bf7aa233019a3d1999a67bd44455837fb61c2a24d993748990fa94e1c0b0,validation,"ablation sweep, validation only; CUDA validation pass during training: 1.55 s (not the budget metric)"
v2-w192-do10-9600,a5e9a86,"student, pos_mode=rope",code/configs/pos-rope.json,17,none (from random init),9600,32,256,78643200,2173056,RTX 3060 Laptop 6GB,4,bf16,271.4,not run on CPU,,,0.556,1.5957,,37aaea24bd4c064cae4c26abad462cf60b4d8be8675d7560bcdf1faaa7f7be06,validation,"ablation sweep, validation only; CUDA validation pass during training: 1.08 s (not the budget metric)"
